1,Harry Potter,J.K.Rowling,,,10
2,The Lord of the Rings,J.R.R.Tolkien,,,10
3,The Hobbit,J.R.R.Tolkien,,,10
4,The Hunger Games,Suzanne Collins,,,10
1,Harry Potter,J.K.Rowling,,,10
2,The Lord of the Rings,J.R.R.Tolkien,,,10
3,The Hobbit,J.R.R.Tolkien,,,10
4,The Hunger Games,Suzanne Collins,,,10
1,Harry Potter,J.K.Rowling,,,10
2,The Lord of the Rings,J.R.R.Tolkien,,,10
3,The Hobbit,J.R.R.Tolkien,,,10
4,The Hunger Games,Suzanne Collins,,,10
1,Harry Potter,J.K.Rowling,,,10
2,The Lord of the Rings,J.R.R.Tolkien,,,10
3,The Hobbit,J.R.R.Tolkien,,,10
4,The Hunger Games,Suzanne Collins,,,10
1,Harry Potter,J.K.Rowling,,,10
2,The Lord of the Rings,J.R.R.Tolkien,,,10
3,The Hobbit,J.R.R.Tolkien,,,10
4,The Hunger Games,Suzanne Collins,,,10
1,Harry Potter,J.K.Rowling,,,10
2,The Lord of the Rings,J.R.R.Tolkien,,,10
3,The Hobbit,J.R.R.Tolkien,,,10
4,The Hunger Games,Suzanne Collins,,,10
1,Harry Potter,J.K.Rowling,,,10
2,The Lord of the Rings,J.R.R.Tolkien,,,10
3,The Hobbit,J.R.R.Tolkien,,,10
4,The Hunger Games,Suzanne Collins,,,10
1,Harry Potter,J.K.Rowling,,,10
2,The Lord of the Rings,J.R.R.Tolkien,,,10
3,The Hobbit,J.R.R.Tolkien,,,10
4,The Hunger Games,Suzanne Collins,,,10
1,Harry Potter,J.K.Rowling,,,10
2,The Lord of the Rings,J.R.R.Tolkien,,,10
3,The Hobbit,J.R.R.Tolkien,,,10
4,The Hunger Games,Suzanne Collins,,,10
1,Harry Potter,J.K.Rowling,,,10
2,The Lord of the Rings,J.R.R.Tolkien,,,10
3,The Hobbit,J.R.R.Tolkien,,,10
4,The Hunger Games,Suzanne Collins,,,10
1,Harry Potter,J.K.Rowling,,,10
2,The Lord of the Rings,J.R.R.Tolkien,,,10
3,The Hobbit,J.R.R.Tolkien,,,10
4,The Hunger Games,Suzanne Collins,,,10
1,Harry Potter,J.K.Rowling,,,10
2,The Lord of the Rings,J.R.R.Tolkien,,,10
3,The Hobbit,J.R.R.Tolkien,,,10
4,The Hunger Games,Suzanne Collins,,,10
1,Harry Potter,J.K.Rowling,,,10
2,The Lord of the Rings,J.R.R.Tolkien,,,10
3,The Hobbit,J.R.R.Tolkien,,,10
4,The Hunger Games,Suzanne Collins,,,10
1,Harry Potter,J.K.Rowling,,,10
2,The Lord of the Rings,J.R.R.Tolkien,,,10
3,The Hobbit,J.R.R.Tolkien,,,10
4,The Hunger Games,Suzanne Collins,,,10
1,Harry Potter,J.K.Rowling,,,10
2,The Lord of the Rings,J.R.R.Tolkien,,,10
3,The Hobbit,J.R.R.Tolkien,,,10
4,The Hunger Games,Suzanne Collins,,,10
1,Harry Potter,J.K.Rowling,,,10
2,The Lord of the Rings,J.R.R.Tolkien,,,10
3,The Hobbit,J.R.R.Tolkien,,,10
4,The Hunger Games,Suzanne Collins,,,10
1,Harry Potter,J.K.Rowling,,,10
2,The Lord of the Rings,J.R.R.Tolkien,,,10
3,The Hobbit,J.R.R.Tolkien,,,10
4,The Hunger Games,Suzanne Collins,,,10
1,Harry Potter,J.K.Rowling,,,10
2,The Lord of the Rings,J.R.R.Tolkien,,,10
3,The Hobbit,J.R.R.Tolkien,,,10
4,The Hunger Games,Suzanne Collins,,,10
1,Harry Potter,J.K.Rowling,,,10
2,The Lord of the Rings,J.R.R.Tolkien,,,10
3,The Hobbit,J.R.R.Tolkien,,,10
4,The Hunger Games,Suzanne Collins,,,10
1,Harry Potter,J.K.Rowling,,,10
2,The Lord of the Rings,J.R.R.Tolkien,,,10
3,The Hobbit,J.R.R.Tolkien,,,10
4,The Hunger Games,Suzanne Collins,,,10
1,Harry Potter,J.K.Rowling,,,10
2,The Lord of the Rings,J.R.R.Tolkien,,,10
3,The Hobbit,J.R.R.Tolkien,,,10
4,The Hunger Games,Suzanne Collins,,,10
1,Harry Potter,J.K.Rowling,,,10
2,The Lord of the Rings,J.R.R.Tolkien,,,10
3,The Hobbit,J.R.R.Tolkien,,,10
4,The Hunger Games,Suzanne Collins,,,10
1,Harry Potter,J.K.Rowling,,,10
2,The Lord of the Rings,J.R.R.Tolkien,,,10
3,The Hobbit,J.R.R.Tolkien,,,10
4,The Hunger Games,Suzanne Collins,,,10
1,Harry Potter,J.K.Rowling,,,10
2,The Lord of the Rings,J.R.R.Tolkien,,,10
3,The Hobbit,J.R.R.Tolkien,,,10
4,The Hunger Games,Suzanne Collins,,,10
1,Harry Potter,J.K.Rowling,,,10
2,The Lord of the Rings,J.R.R.Tolkien,,,10
3,The Hobbit,J.R.R.Tolkien,,,10
4,The Hunger Games,Suzanne Collins,,,10
1,Harry Potter,J.K.Rowling,,,10
2,The Lord of the Rings,J.R.R.Tolkien,,,10
3,The Hobbit,J.R.R.Tolkien,,,10
4,The Hunger Games,Suzanne Collins,,,10
1,Harry Potter,J.K.Rowling,,,10
2,The Lord of the Rings,J.R.R.Tolkien,,,10
3,The Hobbit,J.R.R.Tolkien,,,10
4,The Hunger Games,Suzanne Collins,,,10
1,Harry Potter,J.K.Rowling,,,10
2,The Lord of the Rings,J.R.R.Tolkien,,,10
3,The Hobbit,J.R.R.Tolkien,,,10
4,The Hunger Games,Suzanne Collins,,,10
1,Harry Potter,J.K.Rowling,,,10
2,The Lord of the Rings,J.R.R.Tolkien,,,10
3,The Hobbit,J.R.R.Tolkien,,,10
4,The Hunger Games,Suzanne Collins,,,10
1,Harry Potter,J.K.Rowling,,,10
2,The Lord of the Rings,J.R.R.Tolkien,,,10
3,The Hobbit,J.R.R.Tolkien,,,10
4,The Hunger Games,Suzanne Collins,,,10
1,Harry Potter,J.K.Rowling,,,10
2,The Lord of the Rings,J.R.R.Tolkien,,,10
3,The Hobbit,J.R.R.Tolkien,,,10
4,The Hunger Games,Suzanne Collins,,,10
1,Harry Potter,J.K.Rowling,,,10
2,The Lord of the Rings,J.R.R.Tolkien,,,10
3,The Hobbit,J.R.R.Tolkien,,,10
4,The Hunger Games,Suzanne Collins,,,10
1,Harry Potter,J.K.Rowling,,,10
2,The Lord of the Rings,J.R.R.Tolkien,,,10
3,The Hobbit,J.R.R.Tolkien,,,10
4,The Hunger Games,Suzanne Collins,,,10
1,Harry Potter,J.K.Rowling,,,10
2,The Lord of the Rings,J.R.R.Tolkien,,,10
3,The Hobbit,J.R.R.Tolkien,,,10
4,The Hunger Games,Suzanne Collins,,,10
1,Harry Potter,J.K.Rowling,,,10
2,The Lord of the Rings,J.R.R.Tolkien,,,10
3,The Hobbit,J.R.R.Tolkien,,,10
4,The Hunger Games,Suzanne Collins,,,10
1,Harry Potter,J.K.Rowling,,,10
2,The Lord of the Rings,J.R.R.Tolkien,,,10
3,The Hobbit,J.R.R.Tolkien,,,10
4,The Hunger Games,Suzanne Collins,,,10
1,Harry Potter,J.K.Rowling,,,10
2,The Lord of the Rings,J.R.R.Tolkien,,,10
3,The Hobbit,J.R.R.Tolkien,,,10
4,The Hunger Games,Suzanne Collins,,,10
1,Harry Potter,J.K.Rowling,,,10
2,The Lord of the Rings,J.R.R.Tolkien,,,10
3,The Hobbit,J.R.R.Tolkien,,,10
4,The Hunger Games,Suzanne Collins,,,10
